claim_amount,incident_hour,incident_severity,num_vehicles,age_policyholder,prior_claims,fraud_label
8156.5706950987915,17,1,2,31,2,0.0
340.728067671393,16,1,2,69,0,0.0
7465.0682964695025,5,2,1,52,1,0.0
1483.746528600266,20,3,2,45,2,0.0
1584.1825307528604,1,1,1,41,0,0.0
1644.5845403801216,9,1,2,24,1,0.0
2158.0739259456705,14,1,1,60,2,0.0
3826.987332092691,8,2,1,21,0,0.0
5949.249279633206,12,1,1,62,0,0.0
220.3292994291818,7,2,1,37,0,0.0
8936.33408505078,2,3,2,20,2,0.0
1357.8990752536592,15,1,2,36,2,0.0
351.32492103741413,16,1,2,30,0,0.0
9512.07163345817,12,2,2,51,0,0.0
4975.9251688067525,9,2,2,31,1,0.0
3835.1132147357644,0,3,1,67,0,0.0
49240.71788145654,18,3,4,51,5,1.0
5304.33280479659,14,2,2,47,2,0.0
4971.951301487428,4,1,1,52,1,0.0
5949.840137563594,9,1,1,25,2,0.0
303.7864935284442,21,1,2,69,2,0.0
3415.5655851051524,0,1,2,27,0,0.0
6748.574636368716,22,2,2,58,2,0.0
9630.219305311459,9,3,1,46,2,0.0
7059.887693062261,14,3,2,23,1,0.0
3645.810908525121,18,3,1,43,1,0.0
7490.264910668439,1,3,2,18,0,0.0
9696.09510262908,13,1,2,54,0,0.0
6997.697937105091,16,2,2,39,1,0.0
9216.63676526495,11,3,2,45,1,0.0
8081.392669951307,1,2,2,62,1,0.0
3528.8253442230166,1,2,1,19,2,0.0
1209.1851314637183,23,1,1,51,0,0.0
5211.373448181834,6,3,1,20,1,0.0
5231.463558400994,10,2,1,21,0,0.0
229.635120224503,10,3,2,31,0,0.0
3570.81683218531,8,1,1,43,0,0.0
4417.652638439635,15,1,1,33,1,0.0
5439.4881949649425,17,2,1,47,2,0.0
1862.556072010539,20,2,1,64,2,0.0
6359.827722876436,19,2,1,60,0,0.0
8911.052883993907,7,1,2,38,1,0.0
8243.745550530617,23,1,2,58,1,0.0
2096.1104684726706,22,1,1,51,1,0.0
6549.061844683456,21,2,2,23,0,0.0
8674.032506054044,5,3,2,47,0,0.0
4994.761016555556,16,3,2,65,0,0.0
1084.4697883175172,23,3,1,24,2,0.0
7250.300427091356,13,1,2,62,0,0.0
2534.9815110066306,10,1,2,40,1,0.0
2858.599995942453,1,2,1,36,0,0.0
1515.617652323075,6,2,2,32,0,0.0
804.767619756267,18,3,2,49,1,0.0
9901.533116032206,7,1,2,58,1,0.0
9720.64261893751,16,2,1,33,1,0.0
8365.809344313062,17,3,2,28,2,0.0
9861.410531846423,5,3,1,21,0,0.0
1628.1908812146028,13,2,1,44,2,0.0
8949.53657220448,15,3,2,20,1,0.0
4067.5543026657274,19,3,2,20,0,0.0
4184.915001423122,14,1,1,66,1,0.0
6468.553362579297,13,3,1,64,2,0.0
7786.488311345769,19,2,2,42,0,0.0
4445.8170649857975,18,3,2,57,2,0.0
555.4261560153523,2,3,2,55,1,0.0
1330.5425125068928,12,3,2,60,0,0.0
2398.9056819534912,7,3,1,67,2,0.0
6220.72223814993,8,1,1,36,2,0.0
7377.203333658469,8,2,1,65,1,0.0
6019.209790229743,0,3,2,32,2,0.0
976.075770314003,7,2,2,45,0,0.0
8784.285354049773,1,2,2,60,1,0.0
2957.442477078532,16,1,1,55,1,0.0
7533.623571135824,11,1,2,41,2,0.0
7968.63190506232,2,3,1,56,1,0.0
1601.5813093542367,8,2,2,64,2,0.0
2919.9208943369295,0,2,2,29,0,0.0
5903.675336966293,23,1,1,38,0,0.0
47793.913938685546,4,3,4,19,4,1.0
3699.9330635550104,23,3,1,58,0,0.0
3483.991781808972,8,3,2,43,0,0.0
9701.800384405626,10,2,1,48,2,0.0
1690.7455952696012,4,1,1,64,2,0.0
6097.170711633183,11,1,2,62,0,0.0
8117.757013960885,17,3,2,60,2,0.0
3824.969896756066,21,2,1,46,1,0.0
32588.82148420431,22,4,4,18,5,1.0
8003.122271771074,4,2,1,24,1,0.0
5741.907880226034,0,3,1,22,0,0.0
30123.628368926868,19,4,4,53,4,1.0
6621.066953027555,21,1,2,67,0,0.0
8163.237977630464,13,1,1,28,2,0.0
4373.429507673826,9,1,2,36,2,0.0
2297.5244031361995,11,2,2,64,0,0.0
5512.431765498469,1,1,2,26,0,0.0
4447.435594845162,22,2,2,45,2,0.0
9966.704687031663,21,3,1,58,1,0.0
6367.704427005353,11,1,2,59,0,0.0
9669.882708532328,13,2,2,62,1,0.0
4457.509688022053,18,1,1,45,1,0.0
1265.7357206123972,0,2,1,19,2,0.0
7602.676493597254,1,3,2,57,1,0.0
3547.7291235306734,21,3,1,64,0,0.0
7648.340988832836,8,1,2,18,1,0.0
7912.7952622126495,9,2,1,32,0,0.0
6239.312718235214,0,2,1,50,0,0.0
8981.391573530513,5,1,1,59,0,0.0
5537.343980590593,13,1,2,66,0,0.0
44519.1593663971,18,5,3,39,5,1.0
2992.23202049866,16,3,2,49,2,0.0
2881.53557696308,17,2,1,35,0,0.0
932.9856534509835,23,2,1,65,2,0.0
1236.884564918115,4,2,1,20,2,0.0
3486.609312287484,12,3,2,29,0,0.0
5081.048959942868,16,2,2,30,0,0.0
4206.713073142885,6,1,1,46,0,0.0
7659.697362181632,3,3,2,61,0,0.0
1107.646478941997,21,1,2,56,0,0.0
8965.679962112385,5,2,1,18,2,0.0
6878.838608283405,14,1,2,22,0,0.0
5750.705216222228,19,1,2,59,2,0.0
7626.255812907897,14,2,2,66,1,0.0
2363.563774484281,11,3,1,58,0,0.0
4739.74035574185,16,1,1,44,2,0.0
4636.703615866015,14,2,2,53,1,0.0
8189.013502397871,11,2,1,20,1,0.0
3553.7958387756535,11,1,2,26,0,0.0
46120.65366372318,14,5,2,39,4,1.0
4025.7735449805746,6,2,2,44,1,0.0
6685.452484892381,14,3,2,21,0,0.0
44970.90618982985,14,3,4,41,5,1.0
2786.3554145615694,17,2,1,61,2,0.0
362.6688183508152,12,2,1,42,1,0.0
21207.740090276962,21,3,3,32,4,1.0
2653.2379877449043,19,2,1,50,1,0.0
5994.311671468434,14,3,2,28,1,0.0
1788.1888245041862,21,3,1,21,0,0.0
7978.3474274174005,17,1,1,22,1,0.0
3446.1520528302044,12,1,2,31,1,0.0
6459.950854242525,21,1,2,42,1,0.0
2356.5581091652225,23,2,1,62,0,0.0
9477.760916100202,8,1,1,51,2,0.0
7101.662479702646,20,3,1,22,1,0.0
6554.416469075745,18,2,2,53,1,0.0
609.6396373748946,11,2,1,35,2,0.0
3912.46751315906,8,3,2,27,0,0.0
6970.08960022429,18,2,2,49,1,0.0
5295.0886731591545,20,1,1,24,1,0.0
5275.0550108817415,14,1,2,58,1,0.0
862.1011073050506,8,1,2,55,1,0.0
1461.457347045333,17,3,2,37,2,0.0
21518.674168072223,19,5,2,68,5,1.0
38073.48325899763,14,4,2,29,4,1.0
37650.5666294946,3,5,3,29,5,1.0
4162.790938052734,14,3,1,63,0,0.0
5611.952640837905,8,2,1,47,0,0.0
8019.169245194575,23,3,2,56,1,0.0
36325.95987511107,22,3,2,37,4,1.0
9698.88781486913,8,3,2,49,0,0.0
8598.286243245817,2,3,1,34,2,0.0
6241.0645583993,17,3,1,19,2,0.0
6371.944136532858,16,2,1,60,2,0.0
8281.928914466642,4,2,1,56,0,0.0
8644.723916168376,23,3,2,66,1,0.0
5943.919930896596,9,2,1,45,1,0.0
8230.447316252928,8,2,1,44,0,0.0
3275.7226432201846,23,3,2,25,0,0.0
9216.334637911987,9,1,2,54,1,0.0
2298.8673236602294,10,3,2,30,0,0.0
4673.857456076914,12,3,2,33,0,0.0
9273.217489098795,19,3,1,37,2,0.0
3237.527851047149,2,3,2,58,1,0.0
8319.176659213217,21,3,1,66,2,0.0
4896.777553391111,12,1,2,53,1,0.0
8621.2327742378,12,2,2,50,2,0.0
5278.347705214282,21,2,1,39,0,0.0
4240.606059277126,10,1,2,22,1,0.0
5628.20207238447,20,3,1,50,1,0.0
21181.755010784582,19,5,4,53,4,1.0
7717.980038600175,0,2,1,35,1,0.0
7712.975410287054,8,2,1,43,0,0.0
729.227667831634,20,1,1,55,2,0.0
1334.1605439123418,13,3,2,64,1,0.0
5656.644255938013,14,1,1,22,1,0.0
4792.220238602436,5,2,1,53,1,0.0
1713.0508281061539,16,2,2,47,0,0.0
7011.800968795477,5,2,1,50,2,0.0
1363.0449976760813,11,3,2,45,1,0.0
1362.137757086626,8,1,1,42,0,0.0
1283.9830347891868,7,2,1,43,1,0.0
2500.4579859838236,4,3,2,34,1,0.0
6490.175729480961,23,2,2,46,0,0.0
3354.6409418463313,17,3,2,39,2,0.0
547.6648340512752,8,2,2,64,1,0.0
8146.7157158492755,3,1,2,31,2,0.0
2032.9055792006404,2,2,1,34,1,0.0
8786.972933917825,12,1,1,21,2,0.0
9072.908412437886,23,3,1,57,1,0.0
3795.762231169554,9,3,1,46,1,0.0
8093.657536124219,9,3,2,23,2,0.0
5472.181883605009,7,1,1,67,1,0.0
8323.132137098519,19,1,2,38,0,0.0
944.9399034383032,12,1,1,63,0,0.0
3870.819480647113,7,1,1,32,1,0.0
1816.3985934180728,11,3,1,64,0,0.0
6196.915970716943,3,3,1,68,1,0.0
6623.3470249104985,10,1,2,46,2,0.0
7309.34185125741,6,2,1,51,1,0.0
4094.4803755027306,18,2,1,51,0,0.0
4988.576404007468,12,2,1,69,1,0.0
3304.4244404020124,2,2,2,36,1,0.0
7531.086041244497,10,3,2,38,1,0.0
6103.64769062994,1,3,2,54,1,0.0
3185.9396532851683,1,3,2,43,0,0.0
9543.892912325615,5,3,2,35,2,0.0
8751.5117678689,10,2,1,45,0,0.0
3522.3903356888027,17,1,1,63,0,0.0
2129.3445246166275,0,3,2,66,0,0.0
5360.410852524665,12,3,2,21,2,0.0
8544.793609126864,1,1,1,69,0,0.0
6751.7381616274115,6,1,1,65,0,0.0
2076.7704433677613,21,3,2,40,2,0.0
4787.3705307276,1,2,1,21,1,0.0
830.5859908804488,16,1,1,39,2,0.0
657.4024292501898,7,2,1,33,1,0.0
4050.1267683142896,2,2,1,63,2,0.0
6106.478959190274,16,1,2,34,0,0.0
7066.2128078622345,18,1,2,20,2,0.0
1947.0135381079272,14,2,2,49,1,0.0
1853.3957261297846,2,1,2,37,2,0.0
3726.9822486075477,6,2,1,28,1,0.0
1189.514052824,13,1,2,61,0,0.0
3111.9982052994233,18,3,2,30,1,0.0
9021.46430386079,9,3,1,36,0,0.0
2452.611685524757,2,3,1,46,0,0.0
3947.905167925872,2,3,1,43,2,0.0
9420.5016068876,3,1,2,33,2,0.0
4431.0017280349175,18,3,2,44,0,0.0
5691.927219299902,18,3,2,60,0,0.0
4863.287008362693,11,1,2,63,1,0.0
2909.3814674073724,8,3,1,34,2,0.0
9653.766415598475,22,2,2,19,1,0.0
8637.400716592778,16,1,2,37,1,0.0
5565.267090434604,23,2,1,39,0,0.0
7346.740023932911,20,1,1,54,0,0.0
26729.556765605786,8,5,3,51,3,1.0
1258.9634626332981,19,1,2,43,0,0.0
1286.6671366034598,7,2,2,67,2,0.0
455.8285105877467,7,2,2,37,1,0.0
9732.804492049212,14,1,1,47,1,0.0
6823.112959530447,10,2,2,64,2,0.0
5251.046238947553,13,1,1,66,0,0.0
7907.112391122854,4,2,2,62,0,0.0
2208.345198938216,21,2,2,27,2,0.0
993.8687235386421,11,1,2,19,2,0.0
3991.667474200928,22,3,1,52,2,0.0
8304.5013406041,4,2,1,24,0,0.0
228.71904275628674,12,2,1,66,2,0.0
6494.580689182852,4,1,2,58,1,0.0
1308.1785249633103,2,2,1,30,1,0.0
9350.233446213248,11,1,1,33,1,0.0
5758.965625752008,4,1,1,65,0,0.0
6348.272397372903,8,1,1,66,0,0.0
6531.365700567425,8,1,2,49,2,0.0
7499.962287524189,13,1,2,53,2,0.0
704.6718025631511,13,3,2,18,2,0.0
5134.849842530557,21,1,2,32,0,0.0
1474.3890092291604,3,1,1,50,2,0.0
8014.162949199522,3,2,1,51,1,0.0
20497.774418977937,4,3,2,57,3,1.0
3291.3030652497573,1,2,2,23,2,0.0
3015.211019464985,16,3,1,58,2,0.0
1097.702213636524,0,3,1,33,1,0.0
1645.9107139252847,12,3,2,18,2,0.0
3782.9790493485534,13,3,1,18,2,0.0
547.7501602143268,6,3,2,58,0,0.0
8962.547693103274,1,3,2,59,0,0.0
9825.548307395204,11,3,2,65,0,0.0
5236.496765548114,13,1,1,30,2,0.0
2477.4416259041113,18,2,2,23,0,0.0
6990.14464032761,20,1,2,41,1,0.0
7501.332863744886,17,3,1,31,2,0.0
8785.659598471711,15,3,2,46,1,0.0
32783.63713856692,19,5,3,35,4,1.0
5981.894081986138,11,3,1,24,1,0.0
1826.2276471494154,2,1,2,18,2,0.0
9503.019141590048,11,1,2,58,2,0.0
833.0420521674946,14,3,1,28,0,0.0
33501.75918278676,5,5,4,62,5,1.0
8369.494706333457,15,3,1,51,2,0.0
8569.059781708971,5,2,2,37,1,0.0
1030.421204424603,2,2,2,40,2,0.0
6370.697189453193,22,2,1,63,1,0.0
2753.830044146475,23,2,2,26,1,0.0
8018.56703387842,6,1,2,46,2,0.0
2342.3081744595856,0,1,1,64,2,0.0
1263.5098430933383,17,2,1,57,2,0.0
5824.973395862123,23,1,1,59,2,0.0
7039.594401445288,2,3,1,35,2,0.0
4204.778824897535,22,3,2,51,1,0.0
1644.345751328406,12,2,2,49,0,0.0
8103.133746352965,0,2,1,58,0,0.0
7070.389704182313,18,1,1,41,2,0.0
31930.53243299164,12,5,3,54,3,1.0
8978.205258069516,3,2,2,58,2,0.0
6987.91202094771,21,3,2,31,1,0.0
5169.721277162882,4,2,1,53,0,0.0
8054.461210810001,6,2,1,69,0,0.0
3534.836698772654,15,2,2,54,1,0.0
527.2831283107035,21,2,2,21,1,0.0
3375.890446041227,7,2,2,69,1,0.0
1247.1036892987843,15,1,2,18,1,0.0
2313.5988013425813,5,2,1,27,0,0.0
1691.9997090332367,19,3,2,30,2,0.0
47127.29874222695,21,4,2,27,3,1.0
1610.1365248511872,18,3,2,59,1,0.0
6444.659973551825,1,1,2,49,2,0.0
4347.040871012681,16,1,1,58,2,0.0
5598.773885466012,2,1,1,25,2,0.0
2178.065371646299,18,3,2,64,1,0.0
6719.567877251867,13,1,1,33,2,0.0
39851.560479318694,2,5,4,26,4,1.0
1168.125127233714,6,3,1,67,2,0.0
3006.5592582184845,4,3,2,29,1,0.0
6296.01316557094,3,3,1,22,2,0.0
5033.84095012085,15,1,2,47,0,0.0
4032.116943222703,6,3,1,20,1,0.0
7973.146387412913,0,1,1,35,2,0.0
4146.468293871154,1,3,1,68,0,0.0
2448.7659662183205,9,3,1,51,2,0.0
4038.7704305528423,14,1,2,57,1,0.0
1815.6137687013731,17,3,1,21,2,0.0
2858.04435641639,11,1,1,43,1,0.0
4645.443986758787,11,1,2,19,0,0.0
9553.16627856562,1,1,1,62,0,0.0
8982.436003737936,23,3,2,45,2,0.0
6312.824992832228,19,3,1,67,0,0.0
6270.651455592823,18,3,2,64,1,0.0
2890.3622702566595,1,1,2,49,2,0.0
5854.2583920838615,18,2,1,18,0,0.0
1195.2541958565516,20,3,1,59,1,0.0
6527.18199094903,17,3,2,30,0,0.0
2567.993068573862,13,2,2,38,1,0.0
2143.570590429972,4,1,2,64,0,0.0
1101.1144936156234,20,1,1,49,2,0.0
3473.9550485048767,21,2,2,68,2,0.0
5875.35077446188,14,3,2,52,2,0.0
5953.626813874799,8,2,2,49,2,0.0
7745.95207818283,3,1,1,44,0,0.0
9254.466820957772,4,1,1,39,2,0.0
9389.570522528275,15,2,1,57,0,0.0
5878.195507323633,19,1,1,44,2,0.0
2780.3722641211825,3,2,2,67,1,0.0
8883.406151505633,15,2,2,63,1,0.0
1027.3802014981156,5,2,2,66,0,0.0
6475.595478066256,17,3,2,51,0,0.0
41283.16593901924,12,5,3,41,4,1.0
191.05081100463352,6,1,2,44,0,0.0
6754.141919318197,12,2,1,61,2,0.0
9091.832271069872,22,2,2,40,1,0.0
4966.997163656641,8,2,1,64,0,0.0
9263.128277777085,5,2,1,20,2,0.0
4033.144176547636,10,1,1,38,0,0.0
3212.124212655634,20,2,1,51,1,0.0
7049.472084851263,16,3,2,57,0,0.0
3320.770274556317,2,2,1,34,2,0.0
876.718175288433,22,1,2,53,0,0.0
4041.870066550339,20,3,1,34,0,0.0
5156.398295517901,2,2,2,65,1,0.0
8882.155600224662,6,2,2,57,0,0.0
4768.604266646568,17,3,2,50,0,0.0
282.0676978199207,11,1,2,68,0,0.0
8173.068141702858,16,2,1,21,2,0.0
1478.793519367534,18,1,2,45,0,0.0
5076.931861915544,16,1,2,55,1,0.0
978.1550841948506,12,2,1,27,0,0.0
368.25032578448656,6,1,2,65,1,0.0
1846.2311664116107,10,2,2,50,1,0.0
2236.6281722187473,15,2,2,63,2,0.0
8184.334450768613,22,1,2,21,0,0.0
8697.832961389337,23,2,2,58,1,0.0
9746.508595895048,6,3,2,34,2,0.0
6355.188400481013,16,1,2,30,0,0.0
5612.332498337667,2,1,2,22,1,0.0
764.0571261454321,3,2,1,31,2,0.0
3002.786639810839,11,1,1,23,1,0.0
8916.22007932496,22,1,1,42,2,0.0
23007.3669116863,19,4,4,29,3,1.0
9084.908091868321,6,1,2,49,0,0.0
7732.575081550154,8,2,2,37,0,0.0
2369.5888128031506,5,3,2,42,1,0.0
3625.3575863886776,7,3,2,67,2,0.0
5420.216469085436,11,1,1,57,2,0.0
5381.2648105655835,20,3,1,24,1,0.0
8341.182143924176,0,3,2,33,0,0.0
3401.6417997423273,5,2,2,62,2,0.0
6990.694987082233,11,1,2,34,0,0.0
7858.164826137317,0,2,2,37,1,0.0
8922.316825610904,18,1,2,61,0,0.0
5640.439279951357,13,3,1,27,0,0.0
9151.55818494894,1,1,1,65,2,0.0
6188.5715443217805,14,1,1,62,1,0.0
28144.760076281338,10,4,3,38,3,1.0
838.0513724297311,11,3,1,36,1,0.0
3297.269082118335,4,1,2,64,0,0.0
8779.97980394132,15,3,1,21,2,0.0
351.6493547665424,15,1,2,50,2,0.0
5022.7602083346155,12,1,2,65,0,0.0
8120.1226073238895,17,1,1,68,2,0.0
150.109680077565,7,1,2,61,2,0.0
1856.651483419256,22,1,2,42,0,0.0
4945.582326747874,1,2,1,43,2,0.0
1900.6128355515339,14,2,2,65,0,0.0
1494.4845017600187,14,2,1,39,2,0.0
5165.6066769450945,6,1,2,49,2,0.0
1603.836665771714,1,1,2,26,2,0.0
1021.7174012784022,16,3,2,54,2,0.0
6026.718993550662,6,1,2,23,1,0.0
8631.677648033821,7,2,1,59,1,0.0
6316.213855959987,15,2,1,47,2,0.0
944.9617139785742,15,2,1,26,0,0.0
6258.658332255947,11,2,2,58,1,0.0
2499.856350909294,20,1,1,63,2,0.0
1430.705301695845,17,3,1,59,1,0.0
9849.927869727113,7,2,1,26,0,0.0
559.8590859279775,14,1,1,62,1,0.0
7109.9185201808505,1,3,2,24,0,0.0
47911.952605079765,18,5,2,23,5,1.0
6314.309725407037,0,1,2,66,0,0.0
5248.673409660327,8,2,2,57,2,0.0
3942.882269444567,17,2,1,65,2,0.0
4661.709803523985,7,2,1,39,1,0.0
9870.180672345121,18,1,1,28,1,0.0
1257.2906030128042,13,3,1,46,0,0.0
7284.623133044764,16,2,2,36,1,0.0
4298.893645893621,16,3,1,29,1,0.0
2661.9218178401675,12,2,1,43,2,0.0
9635.903140462053,8,2,1,42,2,0.0
1276.297371053912,20,1,1,23,2,0.0
9493.966818808,4,1,2,20,2,0.0
9035.27377612771,14,1,2,32,0,0.0
2795.8425325417525,2,1,2,35,2,0.0
5797.194360971202,17,3,2,31,2,0.0
4560.386939569926,17,1,2,19,0,0.0
503.21514295780435,15,3,2,38,1,0.0
3353.778999162168,17,1,1,37,2,0.0
4976.988532479506,10,2,1,18,1,0.0
3002.1625295840313,11,2,2,56,1,0.0
20711.23260933555,13,4,3,27,3,1.0
4254.04061803512,8,2,1,23,1,0.0
1223.3878602818318,17,2,1,67,1,0.0
5372.9109379047295,2,3,1,55,1,0.0
2846.0737115132133,8,3,2,66,1,0.0
8937.44993966205,20,3,1,60,2,0.0
3953.0966194682146,18,2,1,64,0,0.0
5101.998487233785,15,1,1,49,0,0.0
6610.3676337734,2,3,1,46,1,0.0
6279.0741877064265,9,2,2,18,2,0.0
7569.974453438355,23,3,2,19,2,0.0
8748.428378657094,9,2,1,62,2,0.0
5563.877703867407,22,3,1,24,0,0.0
8977.97770380161,4,2,2,50,0,0.0
5884.711688038692,0,2,2,33,0,0.0
1534.4592337031086,9,1,1,35,1,0.0
3418.452692294419,7,3,2,64,2,0.0
1951.7331107194814,22,2,1,55,0,0.0
9051.17107548811,2,1,1,46,0,0.0
2879.6463881644722,17,1,1,62,2,0.0
43621.15874447819,17,3,3,19,3,1.0
279.290819826321,20,1,1,68,0,0.0
280.39607395034227,5,2,2,48,1,0.0
9410.539985093852,2,2,1,44,0,0.0
2507.4046908945957,3,1,2,30,1,0.0
465.18077880987465,15,3,1,28,1,0.0
5787.283820481128,7,2,2,54,2,0.0
2471.662717603027,2,2,1,55,0,0.0
4740.062281970206,14,2,1,36,1,0.0
3186.0484711759273,1,2,1,37,0,0.0
1034.985311483691,14,3,2,59,1,0.0
3432.382354119814,20,2,1,63,1,0.0
2323.5877471058216,11,2,2,35,0,0.0
7174.499634730617,12,3,2,40,0,0.0
2592.644728671105,21,3,1,52,2,0.0
49214.012400714484,18,5,3,45,3,1.0
4976.919130529409,23,2,2,51,2,0.0
36496.05688328616,21,3,2,31,5,1.0
1066.9539286632003,14,3,1,51,0,0.0
1375.9092469154273,3,1,2,44,1,0.0
3624.12951864749,7,3,1,27,2,0.0
5083.830981463083,0,3,2,38,0,0.0
7722.936175676247,0,2,2,56,2,0.0
24063.786103840725,12,4,3,65,3,1.0
6145.138420172163,0,1,1,27,2,0.0
2871.7930272368135,19,1,1,27,0,0.0
3752.245031740747,21,2,2,18,0,0.0
5190.9209402947545,1,1,2,42,1,0.0
1120.9263014757328,20,2,2,57,2,0.0
8434.104889906894,17,2,1,32,1,0.0
8314.443856701297,15,3,1,29,2,0.0
4177.2250500579585,22,3,2,54,2,0.0
28257.17543111025,1,4,2,56,5,1.0
3831.7498513065852,10,3,2,32,2,0.0
8147.719990387768,3,1,1,35,2,0.0
8536.596853153547,7,2,2,29,0,0.0
3858.954840855942,14,1,2,42,0,0.0
611.6490395692163,10,3,1,44,2,0.0
6014.389711486052,9,2,2,69,1,0.0
5270.208274542563,7,1,2,65,0,0.0
8164.289730290683,4,1,2,30,2,0.0
6157.343657751557,10,3,2,68,1,0.0
4709.420379511355,1,1,2,32,0,0.0
8399.454176640265,19,3,1,40,0,0.0
2365.1018383670626,6,1,1,23,1,0.0
253.02050363578755,14,3,1,67,0,0.0
4068.429025960035,18,1,2,56,2,0.0
6387.4271435896735,19,1,1,53,0,0.0
2193.335269265792,23,3,2,52,2,0.0
6370.668457735585,16,2,1,20,0,0.0
1930.0591097027177,20,2,1,22,2,0.0
6846.8769500169,23,3,2,56,0,0.0
1896.2108073889933,22,3,2,20,2,0.0
5452.287703940055,20,2,2,32,0,0.0
6411.81896641661,21,1,2,58,1,0.0
3811.21873728467,10,1,1,29,2,0.0
5847.82466775263,17,1,2,59,1,0.0
2725.5034400490817,4,2,1,37,1,0.0
7485.8443047276905,13,3,2,65,2,0.0
7507.770934798218,22,2,2,21,1,0.0
7640.034191754304,17,1,1,68,2,0.0
8579.249427764391,11,3,2,40,0,0.0
6219.4695805331685,12,3,1,35,2,0.0
3631.857934266534,11,2,2,59,1,0.0
2881.2516459050694,11,1,2,43,1,0.0
4272.1030508657295,21,2,1,46,0,0.0
9453.180725836037,9,3,2,46,2,0.0
8668.520546350404,5,1,2,67,2,0.0
2320.2661636595417,12,2,2,26,2,0.0
243.9921901120311,23,1,1,39,2,0.0
7252.275941088903,17,3,1,35,2,0.0
4587.559464005473,3,2,2,50,2,0.0
6757.93271516268,14,2,1,69,2,0.0
1852.4037943397934,2,1,2,42,1,0.0
2560.0424841632107,17,2,2,36,1,0.0
2781.239287494535,12,1,2,44,2,0.0
1814.6985121091502,14,2,1,45,0,0.0
6996.843156381234,6,3,2,39,2,0.0
1946.533252958557,11,1,1,30,0,0.0
4599.956541200955,21,3,1,20,1,0.0
8198.346182632682,11,1,1,61,0,0.0
1003.7381001827222,0,3,2,34,0,0.0
3115.67631481637,3,1,2,46,2,0.0
6940.283607214413,12,3,1,60,1,0.0
4328.367107399938,2,3,1,60,0,0.0
3985.20656348409,0,3,2,41,1,0.0
6669.019982965435,12,2,2,27,2,0.0
2936.758396070016,12,1,1,69,1,0.0
5188.495942682127,14,1,1,55,2,0.0
7317.170963605774,22,3,2,48,2,0.0
7250.442625371025,19,2,1,22,1,0.0
1897.8173963341142,12,3,1,59,2,0.0
8192.691261210566,21,2,2,49,0,0.0
5811.348457800955,16,3,2,43,2,0.0
960.5108520654945,21,1,1,46,2,0.0
2765.5079863988717,4,2,1,27,1,0.0
6861.767056821933,14,2,1,27,2,0.0
2202.157195714934,18,2,1,33,2,0.0
3687.699601254668,13,2,1,49,1,0.0
7972.343328210166,10,3,1,41,2,0.0
7479.850794424867,9,2,2,43,1,0.0
5976.565290185082,14,2,2,45,1,0.0
946.534455459234,9,2,2,34,2,0.0
3522.106104906246,1,1,1,23,1,0.0
8100.3917576877275,17,3,1,27,1,0.0
4690.614208905823,0,1,1,28,2,0.0
3288.583739273465,11,2,1,67,1,0.0
786.676878664138,10,1,1,66,0,0.0
9005.788275418228,14,2,1,18,2,0.0
6359.416450403351,11,3,2,68,1,0.0
750.5155303406884,1,3,1,26,1,0.0
5076.522329965729,9,3,2,42,1,0.0
8511.509167706374,13,1,1,27,1,0.0
5291.463666343042,15,1,2,50,2,0.0
9074.073898549015,11,1,1,38,2,0.0
24890.573414446586,3,5,3,43,5,1.0
7638.955254002975,2,3,2,53,1,0.0
6371.434376278858,9,3,2,62,2,0.0
6635.954029505539,11,3,2,69,1,0.0
9639.837773183603,4,3,2,37,2,0.0
8041.750109464992,1,3,2,62,1,0.0
6331.046517539099,15,3,1,24,2,0.0
8699.131369075656,0,1,2,60,1,0.0
295.13432376820515,12,3,2,66,1,0.0
5462.178725142582,3,1,2,58,0,0.0
4925.568862670185,18,3,2,24,2,0.0
9302.338528053477,5,3,2,35,2,0.0
9226.554926728857,10,2,2,49,1,0.0
5292.662756745522,16,3,1,22,0,0.0
7161.123393507651,17,3,1,66,2,0.0
4576.957614809091,14,2,1,61,0,0.0
1648.726722443752,3,3,2,20,0,0.0
3769.3572559622203,19,3,1,50,1,0.0
8376.203193070838,10,1,2,41,0,0.0
8778.870666317616,22,3,1,27,1,0.0
9628.228219926901,3,1,1,21,2,0.0
2494.3376799144717,14,3,1,53,1,0.0
5108.297920956214,21,1,1,26,2,0.0
5372.6353822607,9,2,1,25,2,0.0
9093.66055720292,8,2,1,66,1,0.0
145.8570277455683,1,3,1,40,2,0.0
2653.0880857887028,0,3,2,32,0,0.0
7548.507841433032,11,2,1,20,2,0.0
9062.97135536503,11,2,1,38,1,0.0
1962.399481265237,12,2,1,29,1,0.0
9625.508229897965,5,2,2,36,0,0.0
4045.196870533997,21,1,1,55,2,0.0
9702.107536403744,10,2,1,29,1,0.0
6153.396930803014,6,2,2,23,1,0.0
6562.18646773356,9,3,1,43,1,0.0
6668.667514169752,3,3,2,20,0,0.0
4611.001852578558,0,2,2,25,0,0.0
7433.609315766624,23,1,1,28,2,0.0
3807.947176588889,11,1,1,58,0,0.0
8888.271409307168,13,3,1,34,1,0.0
9304.006758191474,7,2,1,31,2,0.0
207.29274965495375,4,2,1,40,1,0.0
669.8317241647784,20,2,1,64,0,0.0
2515.4974694529274,21,3,1,37,0,0.0
909.4144162938319,22,2,1,42,1,0.0
1900.067175350296,20,2,1,60,2,0.0
5588.105119862867,13,2,1,48,1,0.0
4529.382431552201,1,1,2,65,1,0.0
4579.151209713665,3,1,2,47,2,0.0
6051.038616257767,13,3,1,50,2,0.0
8734.026698547099,14,2,2,62,1,0.0
3456.3949313821367,4,3,1,60,0,0.0
242.4955374345831,23,3,1,24,1,0.0
1915.704647548995,3,1,1,53,2,0.0
3299.709027005477,11,2,2,45,1,0.0
1426.7507616613432,11,3,1,42,2,0.0
7793.754467681624,20,1,1,23,0,0.0
6708.821611358169,6,2,1,19,1,0.0
6487.2106250535535,16,2,2,47,1,0.0
1068.5581904449145,9,2,1,39,2,0.0
8971.303869242583,6,3,1,46,1,0.0
7993.22412121758,3,3,1,69,1,0.0
1495.14982725015,5,1,2,27,0,0.0
6134.686906400979,12,2,2,54,1,0.0
3808.664884802065,17,2,2,58,1,0.0
1367.6538056819472,20,1,1,27,2,0.0
3665.8873499715028,18,2,2,65,2,0.0
3767.6738176346817,5,2,1,26,1,0.0
9314.497523475291,10,3,1,53,1,0.0
8124.477974740145,6,2,2,50,1,0.0
9659.757127438137,23,3,1,46,1,0.0
31793.11722678203,12,4,2,19,3,1.0
7401.262356286509,4,3,1,23,0,0.0
4794.320907964519,6,1,1,68,0,0.0
2892.1422684559343,14,2,1,64,1,0.0
3248.2344022214525,16,2,2,25,1,0.0
42574.05012759483,8,3,2,53,3,1.0
9232.743873655227,14,3,1,58,0,0.0
2387.640486221907,9,2,2,30,2,0.0
1487.1204400878803,17,3,1,68,2,0.0
9401.039521485473,7,2,1,67,2,0.0
5653.285918200324,20,3,1,20,2,0.0
7286.961220815369,10,2,2,41,2,0.0
4299.797891545065,1,1,1,66,2,0.0
4539.610667585366,23,2,2,23,2,0.0
9866.5009630505,10,3,2,37,2,0.0
1571.7610047558182,10,1,1,53,2,0.0
8785.993412086758,1,1,1,22,2,0.0
6220.358826830984,11,1,1,49,1,0.0
7162.160900257069,19,2,2,63,0,0.0
9373.626888493673,23,1,2,34,0,0.0
1867.5921543379027,16,1,2,41,0,0.0
3740.3864502883916,4,3,2,20,1,0.0
9505.613473802969,14,2,1,58,1,0.0
3078.6952671860195,17,3,2,43,2,0.0
3983.21604648735,9,2,1,56,1,0.0
3178.724984985056,16,1,1,41,2,0.0
2653.6221143800403,0,2,1,39,1,0.0
3164.3234012346447,13,2,2,45,0,0.0
4615.0928437486555,7,2,1,25,2,0.0
5540.335935004981,7,3,1,62,0,0.0
3442.3901968959167,22,2,1,28,2,0.0
3652.421792822675,14,1,1,24,1,0.0
727.4122076804007,23,1,2,34,0,0.0
926.6570953168208,21,1,2,36,1,0.0
1480.989220455214,3,2,2,26,2,0.0
1294.295123895948,17,1,2,32,2,0.0
4332.656081749641,9,2,2,28,0,0.0
3557.174788665343,4,2,1,38,1,0.0
2656.6194441596876,3,3,2,64,0,0.0
27014.384992791922,14,3,4,26,5,1.0
330.3921637846761,1,3,2,34,0,0.0
758.3130469310972,9,1,1,67,1,0.0
5586.362224906355,16,1,2,39,1,0.0
6633.842055738372,20,1,2,61,0,0.0
6238.720283692284,13,1,1,67,1,0.0
4563.309776900908,10,2,1,47,1,0.0
1791.7871151616516,17,3,2,28,1,0.0
9434.80606873394,22,2,2,48,0,0.0
5743.605583884713,9,2,2,39,0,0.0
9141.081470309065,4,1,1,62,1,0.0
264.2195063857759,19,1,2,49,2,0.0
549.9191653804329,7,1,2,68,1,0.0
4311.820742302526,5,2,1,53,0,0.0
8112.675439237285,15,3,1,43,1,0.0
8056.353561301233,19,3,1,48,0,0.0
613.0530145420264,19,2,1,68,2,0.0
3741.053013920607,13,1,1,34,2,0.0
4247.361950095024,22,1,1,34,2,0.0
3268.491050203056,19,1,1,23,1,0.0
8405.091055814748,13,1,1,46,0,0.0
1002.9404201820346,13,3,1,29,0,0.0
9857.939495694947,22,1,1,23,2,0.0
461.8417116961393,12,2,1,41,0,0.0
8436.977339043517,17,2,2,31,2,0.0
8931.260896253421,16,2,2,52,2,0.0
744.0107705542672,21,1,2,57,0,0.0
9206.570602486328,4,1,2,38,2,0.0
362.46197436205597,0,1,2,65,2,0.0
26782.37213031688,6,3,2,29,3,1.0
411.14893829866907,16,2,2,55,1,0.0
4376.255684556946,10,1,2,53,2,0.0
1805.9667248961355,9,3,1,46,1,0.0
2448.545238186345,0,1,2,57,1,0.0
5996.823532017658,10,3,2,45,0,0.0
9102.271980579942,16,1,2,61,1,0.0
9802.322495326223,19,3,2,47,2,0.0
8087.663918745914,19,2,1,54,0,0.0
4680.529878129104,9,2,1,18,1,0.0
2003.6612862058407,18,3,2,21,2,0.0
9867.731827161637,16,2,2,57,1,0.0
6326.534183120852,2,2,2,34,0,0.0
9367.932264191732,1,1,2,18,2,0.0
8526.253048016883,23,2,1,28,2,0.0
1200.8550748308983,7,2,2,36,0,0.0
1777.9781921923156,8,1,1,58,1,0.0
5125.342748976104,4,2,1,30,2,0.0
4774.927759103298,5,2,2,67,2,0.0
8660.751524925026,15,2,1,41,2,0.0
5726.255173021169,23,1,1,24,1,0.0
7054.592431472382,5,3,1,38,2,0.0
7579.956271576182,20,1,2,22,0,0.0
5472.69122326666,18,1,1,42,0,0.0
1700.1242695366764,10,1,1,44,2,0.0
5805.254765651451,0,1,1,40,2,0.0
2922.4421700690864,4,1,1,69,0,0.0
6101.1288810637125,22,1,1,45,2,0.0
9845.581588965166,4,3,1,63,1,0.0
9509.073692357932,0,3,1,69,0,0.0
6873.906962470353,19,1,1,51,0,0.0
6410.5560248322445,9,3,1,52,2,0.0
5872.111453599952,21,3,2,32,2,0.0
658.1174168441785,19,2,2,46,0,0.0
1901.0884919031841,2,3,1,64,1,0.0
2592.8106831788323,1,3,1,53,2,0.0
6114.69403382424,23,1,1,39,1,0.0
8190.499781992036,13,3,1,26,2,0.0
8711.97398441507,1,1,1,40,0,0.0
798.6305992642555,9,2,2,54,1,0.0
37218.49598207031,5,5,4,41,4,1.0
9511.010754681805,1,2,2,46,2,0.0
21517.193114726866,19,4,3,54,5,1.0
2496.347187963854,12,1,2,21,0,0.0
3694.5147343464873,0,2,1,60,2,0.0
8464.2655785976,22,2,1,26,0,0.0
6749.836775617981,12,3,2,22,2,0.0
3818.2712311354458,18,2,1,21,1,0.0
1161.002912263783,16,2,2,23,2,0.0
7960.84937377593,15,3,2,38,2,0.0
469.74706861722274,5,1,1,25,1,0.0
431.9711038842159,8,3,2,21,2,0.0
1589.127221924929,17,3,2,37,1,0.0
22505.747440400562,14,4,3,31,4,1.0
5343.540725724464,8,2,2,27,2,0.0
212.40108319744877,12,3,2,22,1,0.0
3928.6799283753203,13,1,2,56,2,0.0
5583.157415573076,11,2,2,68,1,0.0
7745.2232160369085,4,3,2,30,1,0.0
9614.596142947606,22,3,2,68,1,0.0
1987.8084345702991,20,1,2,45,2,0.0
31786.85326679537,3,4,3,44,3,1.0
5407.354026806792,6,2,2,22,2,0.0
8571.39503425223,3,3,1,43,1,0.0
3342.223786561355,3,3,2,69,2,0.0
361.03304752279485,5,2,1,56,2,0.0
2759.905857910966,18,3,1,19,1,0.0
5481.173325028487,16,3,1,55,0,0.0
9334.011985204732,2,2,2,19,2,0.0
9010.18455429624,6,3,1,32,1,0.0
2458.0095323625924,9,2,2,34,0,0.0
9760.935586679092,5,1,1,18,0,0.0
7777.723405280604,13,3,2,64,2,0.0
3598.187057457923,12,2,2,22,0,0.0
9906.000905806666,1,1,2,55,0,0.0
322.44615236916223,17,2,1,36,0,0.0
5034.577769397667,2,1,1,21,2,0.0
2552.536796061459,16,3,1,54,1,0.0
503.67390139216275,14,2,1,59,0,0.0
1894.2073550400355,17,3,2,53,2,0.0
6534.642914699875,12,2,1,43,0,0.0
9874.03368021795,8,3,2,30,0,0.0
8913.611460520071,1,1,2,33,2,0.0
642.1402243381102,20,2,1,69,2,0.0
7323.101165546835,4,2,2,48,1,0.0
2577.404691829494,1,1,1,51,2,0.0
7917.219613666083,7,1,2,66,1,0.0
1709.907699514424,1,1,1,50,0,0.0
3764.5711325288994,23,2,1,18,0,0.0
9290.353769618481,8,1,2,18,1,0.0
9500.254174210657,20,2,1,61,0,0.0
3476.5568753975595,3,2,1,41,1,0.0
7575.858831168828,5,3,2,33,1,0.0
9118.17912648904,9,3,1,67,0,0.0
2841.088716657317,13,3,1,66,0,0.0
5899.178254607286,21,1,1,44,1,0.0
3321.4570117767503,10,1,1,68,2,0.0
2172.558301033432,4,3,1,66,2,0.0
3648.810712588299,11,2,2,60,2,0.0
1479.6251333209589,22,1,2,20,0,0.0
7631.7719813072845,11,1,1,67,1,0.0
9863.486370348068,1,1,2,23,1,0.0
5777.035092420532,2,3,2,26,2,0.0
6279.956159548522,7,3,2,65,1,0.0
4463.551194688459,20,1,1,36,1,0.0
8684.015953943026,5,3,2,36,1,0.0
9969.05509327488,14,1,1,59,1,0.0
5694.818517533168,11,2,1,56,0,0.0
1224.2201627763272,18,1,1,37,0,0.0
1249.1191410184708,12,3,1,56,2,0.0
5472.971989141202,5,2,1,22,1,0.0
5404.169372340109,20,2,1,33,2,0.0
2928.5496541904213,12,1,2,33,0,0.0
9545.105169861352,11,3,1,22,1,0.0
20859.572827329637,1,4,4,19,3,1.0
2548.746207257657,10,3,2,34,0,0.0
350.97235981302936,9,1,1,51,2,0.0
9615.786581856752,19,2,2,38,2,0.0
3900.523091594793,7,3,1,55,0,0.0
1378.6782099998004,21,2,1,23,0,0.0
869.5729059533498,21,2,1,29,1,0.0
1618.178890849194,0,3,1,66,2,0.0
3574.058624265579,17,3,1,20,2,0.0
7150.574291340605,13,3,1,44,0,0.0
8236.414586974526,13,2,2,36,0,0.0
548.5096967432407,3,1,2,64,1,0.0
44169.46416090026,3,5,2,31,5,1.0
5367.923504126625,5,1,2,49,1,0.0
3922.4161142276653,2,3,2,39,2,0.0
675.0277604651747,16,1,2,49,0,0.0
7288.304203854349,3,2,1,54,2,0.0
5278.668657284474,14,1,1,25,0,0.0
7097.887704091409,9,1,1,64,1,0.0
1062.0472883306084,8,2,1,51,1,0.0
2599.1257490058056,6,2,1,62,1,0.0
8727.459842858405,17,2,1,30,2,0.0
29192.984681101145,4,3,2,46,5,1.0
1947.0435829717549,6,2,2,47,2,0.0
1269.831793454397,3,3,1,27,2,0.0
31241.659115221293,3,4,2,63,5,1.0
3658.962397075576,7,1,1,52,1,0.0
7335.588004516078,19,2,2,55,0,0.0
504.59930103814077,18,2,2,18,0,0.0
8048.249141120314,15,1,1,65,2,0.0
6658.970615104421,10,2,1,21,1,0.0
7936.6325328859,15,1,1,34,0,0.0
463.1637086169192,23,3,1,26,2,0.0
1450.0776083090207,4,1,1,55,2,0.0
5417.354764003623,13,2,1,26,0,0.0
9466.543075122963,15,1,2,18,1,0.0
8973.724603359085,23,2,2,18,1,0.0
2871.345579764834,6,1,1,40,1,0.0
4148.634149701272,6,1,2,59,1,0.0
9408.27939010708,23,2,1,68,1,0.0
7000.455835853153,14,1,1,68,2,0.0
1486.8317508415878,4,1,2,46,1,0.0
3257.858739908237,10,1,2,51,2,0.0
8956.067046251505,3,1,2,31,0,0.0
3805.2808779855914,11,3,1,31,0,0.0
6156.035387720087,16,3,2,58,2,0.0
5076.107221741402,19,3,1,44,2,0.0
1636.8784347140538,14,3,1,57,2,0.0
1556.0274611974755,23,1,2,36,0,0.0
8507.311763892361,16,1,2,42,0,0.0
2038.3322344140347,6,1,1,25,1,0.0
3083.6409542250067,17,3,1,20,0,0.0
1130.674961647281,6,1,2,46,1,0.0
7558.444034063522,15,2,2,41,1,0.0
5162.289748723284,15,2,1,24,0,0.0
4471.151963596432,14,3,1,18,0,0.0
6934.908803430716,2,1,1,39,0,0.0
7390.797932684756,2,1,1,40,1,0.0
9702.152538364571,7,3,2,40,0,0.0
3261.205012145107,5,3,1,51,2,0.0
5002.251410101575,19,1,1,32,0,0.0
1613.305477924887,19,1,2,66,1,0.0
7228.361711806137,3,2,2,63,1,0.0
7091.798048849312,14,3,1,60,2,0.0
1104.568274373718,19,3,2,46,2,0.0
6447.3615655644435,5,2,2,49,2,0.0
932.6573805384746,23,1,2,21,1,0.0
5249.618661008734,12,1,2,66,1,0.0
4153.17535669328,7,3,2,46,1,0.0
9489.687738925351,4,2,1,68,2,0.0
905.3529283548077,13,3,2,69,1,0.0
2983.168487960615,7,3,1,64,2,0.0
5236.027155259324,6,2,1,61,1,0.0
7735.576432190863,16,1,1,45,0,0.0
6266.615710608103,8,2,2,45,2,0.0
7873.242017790834,2,2,2,50,2,0.0
4679.093689718165,14,1,1,27,2,0.0
9404.338023773404,3,2,2,22,2,0.0
4773.462756588992,21,2,1,25,2,0.0
1221.056653823477,2,2,1,39,1,0.0
7820.767903990476,23,2,1,19,0,0.0
5532.464514729202,21,1,1,62,2,0.0
440.4463590406621,10,3,1,40,0,0.0
8990.737465463066,14,3,1,36,2,0.0
7188.125065589235,3,1,1,51,1,0.0
45048.41617083211,19,4,3,49,5,1.0
7773.814951275034,8,2,1,37,2,0.0
9930.351481581074,8,2,1,19,2,0.0
3319.314888064796,22,1,2,64,0,0.0
939.8933694433999,6,1,1,52,2,0.0
208.85870371895675,14,3,1,57,1,0.0
2668.2919909697957,8,1,2,33,2,0.0
5909.727068406703,15,1,2,44,0,0.0
6807.887182238596,6,1,1,47,2,0.0
9300.8222923631,1,3,1,35,1,0.0
6400.463071511426,22,1,1,44,2,0.0
5875.578768184592,22,3,2,59,0,0.0
9157.15746318244,12,2,1,21,2,0.0
8479.87768817173,12,2,1,40,1,0.0
9697.757289426152,14,1,2,28,0,0.0
154.66895952366374,16,2,1,57,0,0.0
5065.011317403276,12,2,1,64,0,0.0
1926.7580916281356,4,2,1,24,0,0.0
6949.762457157663,20,1,1,27,1,0.0
8995.686466418085,12,3,1,39,1,0.0
5501.606214227756,11,2,1,56,1,0.0
5324.240979954368,23,2,1,40,1,0.0
2620.942482161262,6,2,2,42,0,0.0
4162.928587197649,23,2,1,60,1,0.0
5596.488034834677,14,2,1,54,2,0.0
4232.368931172912,4,1,1,28,0,0.0
894.3140820502579,16,1,2,63,1,0.0
1455.167737681192,2,1,2,53,1,0.0
1696.0907438146437,15,3,1,35,2,0.0
5964.90423173422,22,2,1,25,2,0.0
8675.143843171858,20,2,1,42,1,0.0
22860.827638190105,5,3,3,53,3,1.0
7524.60865695186,10,3,1,56,2,0.0
20339.076097670673,15,5,3,31,4,1.0
9900.606300660458,10,3,2,26,0,0.0
5071.730602279302,20,1,1,45,0,0.0
168.82609225878798,1,2,1,34,1,0.0
2968.5393838463033,18,3,2,39,0,0.0
820.3537630055159,19,3,1,66,0,0.0
2040.2303379495374,9,1,2,39,1,0.0
6714.042852049397,21,3,1,24,0,0.0
9014.138765916972,3,3,1,45,0,0.0
46052.28571840802,20,4,3,56,5,1.0
384.94849550205583,17,2,2,52,1,0.0
9997.204965532694,5,3,2,27,0,0.0
489.19018442687945,7,1,1,53,2,0.0
2806.730012113992,10,2,1,37,2,0.0
1720.1938343704746,7,2,1,39,0,0.0
8958.790769233723,16,2,1,28,0,0.0
4309.613694245411,9,3,1,36,1,0.0
37497.57176937671,21,5,2,48,5,1.0
4395.131327455933,4,3,2,29,2,0.0
5940.185099860868,2,2,1,60,0,0.0
1799.6249298982045,16,2,1,57,0,0.0
851.0469482757728,8,3,2,32,2,0.0
3706.271624375947,14,1,1,65,1,0.0
2130.882440771871,3,1,2,32,2,0.0
5807.51310759111,22,1,2,49,1,0.0
26333.778276741123,19,5,3,33,5,1.0
298.7048579994911,7,3,2,44,1,0.0
4339.023068341412,3,2,1,43,1,0.0
2067.285247188307,11,2,2,25,0,0.0
1772.457124414429,21,3,2,36,2,0.0
1726.2313995168302,5,2,2,28,2,0.0
8243.118704939374,22,3,1,65,0,0.0
9156.97442057419,5,3,1,60,0,0.0
2813.146684803339,20,1,2,25,0,0.0
26944.256412958945,9,3,4,37,3,1.0
9478.105062156972,10,1,2,50,0,0.0
2142.703812217346,20,2,1,68,0,0.0
9063.28156655071,2,3,2,56,0,0.0
6172.810439764319,7,3,2,39,1,0.0
7405.179475288108,12,1,2,22,2,0.0
9327.970996587763,0,2,1,52,1,0.0
6456.113296927449,13,3,1,25,2,0.0
1285.645105010587,12,3,1,38,0,0.0
401.95247439658937,0,1,1,46,2,0.0
7437.094427971585,22,3,2,60,0,0.0
3015.0440314888983,10,2,1,40,2,0.0
